Поле;Тип данных;Описание
Номер билета;Строка (UUID);Уникальный идентификатор билета в формате TICKET-<32 hex>
Маршрут;Строка;Наименование маршрута (пункт отправления — пункт назначения)
Дата и время отправления;DateTime;Дата и время начала рейса
Номер места;Целое число;Порядковый номер места в автобусе
Имя пассажира;Строка;ФИО пассажира, оформившего бронирование
QR-код;Строка (Text);Уникальный QR-код для проверки подлинности при посадке
Статус использования;Логический;Флаг isUsed — использован ли билет при посадке
Дата использования;DateTime?;Временная метка использования билета (usedAt)
Стоимость;Decimal(10, 2);Общая стоимость билета (цена маршрута × количество мест)
